block,unique.ID,date.collected,date.meas,Mass
A1,6,6/6/24,5/14/25,22.39273
A1,32,6/6/24,5/28/25,10.41973
A1,48,5/30/24,4/30/25,16.0437
A1,62,5/30/24,4/16/25,1.2896
A1,78,6/6/24,5/23/25,12.45563
A1,131,5/23/24,5/28/25,0.1619
A1,143,6/28/24,11/21/25,0.000391
A1,215,6/28/24,2/5/25,2.04291
A1,227,5/28/24,11/12/25,0.0416
A1,227,5/28/24,11/6/25,1.9065
A1,239,6/6/24,10/10/25,4.42508
A1,257,6/6/24,11/6/25,0.2728
A1,403,5/28/24,2/21/25,9.8134
A1,403,5/28/24,10/28/25,7.77202
A1,432,6/6/24,3/6/25,7.886
A1,432,6/6/24,12/5/25,13.23771
A1,489,6/28/24,10/7/25,0.57482
A1,501,6/6/24,3/6/25,0.1145
A1,535,6/28/24,10/16/25,NA
A1,551,6/4/24,10/10/25,9.00043
A1,551,6/4/24,10/2/25,6.31985
A1,622,5/23/24,4/21/25,0.92817
A1,643,6/4/24,12/4/25,17.3111
A1,643,6/4/24,5/5/25,14.6966
A1,658,5/23/24,5/27/25,3.966
A1,658,5/23/24,5/28/25,4.4727
A1,432,6/6/24,12/5/25,3.58
A1,670,5/30/24,2/10/25,11.17315
A1,670,5/30/24,2/10/25,10.92703
A1,670,5/30/24,2/10/25,6.04062
A1,670,5/30/24,4/29/25,16.35524
A1,708,6/6/24,3/10/25,22.47629
A1,708,6/6/24,4/7/25,29.83471
A1,720,5/23/24,4/14/25,
A1,720,5/23/24,4/29/25,17.1386
A1,732,5/30/24,2/21/25,NA
A1,779,6/28/24,10/23/24,8.2865
A1,779,6/28/24,2/14/25,9.0004
A1,987,6/28/24,2/10/25,10.45618
A1,999,6/28/24,10/14/25,13.8216
A1,999,6/28/24,9/25/25,17.0787
A1,1047,6/6/24,4/29/25,6.75407
A1,1060,6/6/24,5/5/25,2.6924
A1,1071,5/30/24,4/16/25,NA
A1,1141,6/28/24,2/4/25,
A1,1199,6/6/24,3/11/25,1.16
A1,1216,6/28/24,3/31/25,22.4008
A1,1216,6/28/24,4/14/25,20.0926
A1,1216,6/28/24,4/9/25,12.25
A1,1228,5/23/24,4/10/25,6.44197
A1,1228,5/23/24,5/1/25,12.73462
A1,1240,6/28/24,2/10/25,0.325
A1,1252,6/4/24,1/28/25,4.705
A1,1252,6/4/24,5/6/25,9.29488
A1,1252,6/4/24,5/7/25,8.15017
A1,684,5/23/24,4/1/25,11.88749
A1,779,6/28/24,2/14/25,3.85095
A1,987,6/28/24,2/10/25,1.0435